0.000000000000000000e+00,4.390276223874546536e-04,0.000000000000000000e+00,0.000000000000000000e+00,0.000000000000000000e+00,0.000000000000000000e+00,0.000000000000000000e+00,0.000000000000000000e+00,0.000000000000000000e+00,2.119497418326831898e-68,0.000000000000000000e+00,0.000000000000000000e+00,0.000000000000000000e+00,1.081720378374979739e-35,0.000000000000000000e+00,1.763596333237427013e-134,0.000000000000000000e+00,0.000000000000000000e+00,2.861959602551473330e-92,2.829503971042202573e-225,2.350000000000000000e+02
0.000000000000000000e+00,5.797928749555081307e-01,0.000000000000000000e+00,0.000000000000000000e+00,0.000000000000000000e+00,0.000000000000000000e+00,0.000000000000000000e+00,0.000000000000000000e+00,0.000000000000000000e+00,2.276214561399334447e-48,0.000000000000000000e+00,0.000000000000000000e+00,0.000000000000000000e+00,3.797339855280431630e-22,0.000000000000000000e+00,5.162083654717217868e-107,0.000000000000000000e+00,0.000000000000000000e+00,1.341274267088029536e-69,1.427519891307519751e-189,2.530000000000000000e+02
5.758237254204334649e-216,1.195198821241092258e-21,0.000000000000000000e+00,0.000000000000000000e+00,0.000000000000000000e+00,0.000000000000000000e+00,0.000000000000000000e+00,0.000000000000000000e+00,0.000000000000000000e+00,4.770733871816352760e-10,0.000000000000000000e+00,0.000000000000000000e+00,0.000000000000000000e+00,1.564428199652382473e-02,0.000000000000000000e+00,2.283623303295323971e-35,0.000000000000000000e+00,0.000000000000000000e+00,8.693698156453472105e-17,5.336077179094340479e-86,3.430000000000000000e+02
1.277538403962862907e-38,6.549753394731712681e-179,0.000000000000000000e+00,0.000000000000000000e+00,3.305968592445409950e-111,1.649641805853873266e-131,5.369298540809966911e-246,0.000000000000000000e+00,0.000000000000000000e+00,2.139215784211023516e-57,1.937100982573762781e-98,3.409510908087504857e-125,0.000000000000000000e+00,3.098169048708460948e-86,0.000000000000000000e+00,5.143024734418827845e-18,2.640782932444510852e-148,9.274676230218414776e-304,1.311543489795289865e-34,5.355663167429308626e-06,4.090000000000000000e+02
6.197360826551564935e-34,3.412862051935727827e-175,0.000000000000000000e+00,0.000000000000000000e+00,2.708174489085861184e-105,4.043414482024169128e-125,1.549646749940134622e-238,0.000000000000000000e+00,0.000000000000000000e+00,4.771829598819604096e-51,8.797301810790308908e-93,4.438239096857611072e-120,0.000000000000000000e+00,1.521350360031462276e-82,0.000000000000000000e+00,3.841719679784284957e-13,1.596726834589177383e-142,3.604625328339381587e-300,2.367682026284526287e-30,4.003567716827897277e-02,4.450000000000000000e+02
2.030574174917780424e-37,1.097888990276024004e-195,0.000000000000000000e+00,0.000000000000000000e+00,8.372575097579955439e-103,3.281992293982343031e-117,3.925563523071554418e-233,0.000000000000000000e+00,0.000000000000000000e+00,1.475754967633330261e-59,5.546074573145278273e-96,4.466552313002842942e-123,0.000000000000000000e+00,5.429337762228872655e-99,0.000000000000000000e+00,2.259022075933198609e-22,2.963522329306239158e-139,1.227998140717356954e-296,2.386115722735742684e-41,2.586590061829161649e-08,3.850000000000000000e+02
3.537513029205563780e-81,1.135930307889541755e-98,0.000000000000000000e+00,0.000000000000000000e+00,1.711284867710433720e-181,5.072123282192156987e-206,0.000000000000000000e+00,0.000000000000000000e+00,0.000000000000000000e+00,3.420804890043542162e-15,2.290114638519805435e-166,1.694463571132457374e-202,0.000000000000000000e+00,1.335444048375760675e-33,0.000000000000000000e+00,4.179589850475178836e-01,4.883418002985934437e-230,0.000000000000000000e+00,4.026243639618353468e-05,1.213689744103510160e-12,3.710000000000000000e+02
2.983323422946776041e-88,9.858965086848485859e-92,0.000000000000000000e+00,0.000000000000000000e+00,6.637471592749896582e-192,2.309456695521698298e-217,0.000000000000000000e+00,0.000000000000000000e+00,0.000000000000000000e+00,4.735583193417194228e-12,1.842267793817566960e-176,1.424836450808298242e-213,0.000000000000000000e+00,2.818390755461443197e-29,0.000000000000000000e+00,2.114044996407560550e-01,1.011202328197231449e-241,0.000000000000000000e+00,5.209366071484184020e-04,5.686169828266023274e-16,4.060000000000000000e+02
1.348147823588287297e-90,7.917754150443321188e-89,0.000000000000000000e+00,0.000000000000000000e+00,2.216930062180125085e-195,1.094521539258293948e-220,0.000000000000000000e+00,0.000000000000000000e+00,0.000000000000000000e+00,3.735810583547423454e-11,4.645956945030911893e-180,1.652753662058460826e-217,0.000000000000000000e+00,6.571851701142288591e-28,0.000000000000000000e+00,2.934340579747992117e-01,1.067463161419226089e-245,0.000000000000000000e+00,2.848595197526691825e-03,1.598278212983492342e-16,3.980000000000000000e+02
5.578324089600437198e-66,1.355181887339548431e-118,0.000000000000000000e+00,0.000000000000000000e+00,2.648928240692125021e-157,2.437894573983719157e-179,7.536830045483002100e-315,0.000000000000000000e+00,0.000000000000000000e+00,1.148078062680176327e-20,1.744637128698087888e-144,1.746554689607089580e-178,0.000000000000000000e+00,2.117270808644117178e-45,0.000000000000000000e+00,6.879038168573954615e-02,6.723283626665073622e-203,0.000000000000000000e+00,7.765869013426777584e-10,1.124556622540055695e-07,4.080000000000000000e+02
4.241715610433360343e-37,7.886561302843996530e-167,0.000000000000000000e+00,0.000000000000000000e+00,5.860033546061057928e-111,8.274045953686035029e-131,1.749270069536212283e-247,0.000000000000000000e+00,0.000000000000000000e+00,3.325555709484590612e-46,9.019417053696018140e-99,9.088021142274087104e-127,0.000000000000000000e+00,4.128923316469917110e-77,0.000000000000000000e+00,8.822173235485188614e-11,2.765208472028907945e-149,3.904657165860191249e-310,8.645472130167514612e-27,8.562526657585398104e-02,4.360000000000000000e+02
3.816397846893213463e-50,9.078314712745321632e-149,0.000000000000000000e+00,0.000000000000000000e+00,3.586967001570363120e-130,6.245783554510217328e-149,8.283544915529880113e-276,0.000000000000000000e+00,0.000000000000000000e+00,4.320131458298062716e-34,6.768675329971576931e-120,5.964071270385920775e-151,0.000000000000000000e+00,3.149927708901060108e-65,0.000000000000000000e+00,2.333783320642383173e-07,8.631827459680665875e-172,0.000000000000000000e+00,4.061309769048679040e-20,1.424949227832321592e-04,3.860000000000000000e+02
8.786426169030404462e-86,9.842204194639714109e-96,0.000000000000000000e+00,0.000000000000000000e+00,2.800765861686847924e-187,6.252741870136370926e-211,0.000000000000000000e+00,0.000000000000000000e+00,0.000000000000000000e+00,3.688920831217395303e-13,4.608255459982445015e-173,3.768795705706927056e-210,0.000000000000000000e+00,2.603900080824790390e-32,0.000000000000000000e+00,2.010152323479954817e-01,1.008723616926910882e-236,0.000000000000000000e+00,1.130851922090251368e-04,1.951247260408150010e-14,3.690000000000000000e+02
1.253397935771388584e-61,6.111249528025144391e-126,0.000000000000000000e+00,0.000000000000000000e+00,1.942716775105684987e-150,2.386666864225690716e-172,2.076393860353038800e-304,0.000000000000000000e+00,0.000000000000000000e+00,1.108975034568883701e-23,6.466858727941803418e-138,5.076087164766072087e-171,0.000000000000000000e+00,1.656937294094390218e-49,0.000000000000000000e+00,4.293818797346677860e-03,6.150196661551363801e-195,0.000000000000000000e+00,3.051525210908425829e-12,6.021878873627710087e-07,4.060000000000000000e+02
1.917122879089551786e-66,6.196629328668827601e-118,0.000000000000000000e+00,0.000000000000000000e+00,4.731428307620984349e-158,6.957311901665366182e-180,2.281891196629864616e-316,0.000000000000000000e+00,0.000000000000000000e+00,1.072536567929938779e-20,2.324313836908001961e-145,2.037835331082306482e-179,0.000000000000000000e+00,3.934068581114283765e-45,0.000000000000000000e+00,7.928743291750030286e-02,9.372971498712551897e-204,0.000000000000000000e+00,1.438564034941921713e-09,1.577133154857840447e-07,3.860000000000000000e+02
3.673290316865695103e-98,2.663944074255726132e-82,0.000000000000000000e+00,0.000000000000000000e+00,9.514639935229420667e-206,6.199771909394302986e-231,0.000000000000000000e+00,0.000000000000000000e+00,0.000000000000000000e+00,3.348923192649321440e-08,1.304783046180459600e-190,2.106771632011313875e-229,0.000000000000000000e+00,1.188218661718065950e-24,0.000000000000000000e+00,1.210473431934818433e-01,1.701286290248072247e-257,0.000000000000000000e+00,2.807232104762152208e-02,1.025161079710033459e-19,3.650000000000000000e+02
9.131141976497450185e-158,8.876010022940526336e-43,0.000000000000000000e+00,0.000000000000000000e+00,1.107750185715030062e-288,4.541649042831074733e-318,0.000000000000000000e+00,0.000000000000000000e+00,0.000000000000000000e+00,1.000000000000000000e+00,2.770103845138280966e-271,3.695810633413444014e-317,0.000000000000000000e+00,1.128863694737551098e-06,0.000000000000000000e+00,1.007927799314870234e-13,0.000000000000000000e+00,0.000000000000000000e+00,7.908969064020682270e-04,3.196497556590116687e-50,3.390000000000000000e+02
4.385691800753550116e-217,6.785494986891063244e-21,0.000000000000000000e+00,0.000000000000000000e+00,0.000000000000000000e+00,0.000000000000000000e+00,0.000000000000000000e+00,0.000000000000000000e+00,0.000000000000000000e+00,4.918469815200890685e-06,0.000000000000000000e+00,0.000000000000000000e+00,0.000000000000000000e+00,4.307691590177061512e-03,0.000000000000000000e+00,4.241731041410132762e-34,0.000000000000000000e+00,0.000000000000000000e+00,1.685543246344059415e-15,3.871264012896907659e-85,2.880000000000000000e+02
3.354112995870121534e-284,1.081837904205637051e-05,0.000000000000000000e+00,0.000000000000000000e+00,0.000000000000000000e+00,0.000000000000000000e+00,0.000000000000000000e+00,0.000000000000000000e+00,0.000000000000000000e+00,3.991482009398010621e-20,0.000000000000000000e+00,0.000000000000000000e+00,0.000000000000000000e+00,1.613014985687543519e-06,0.000000000000000000e+00,1.563308354957796244e-62,0.000000000000000000e+00,0.000000000000000000e+00,4.001290756720602949e-35,2.491556486196234449e-128,2.680000000000000000e+02
3.389526850467819906e-219,6.867174444681173770e-18,0.000000000000000000e+00,0.000000000000000000e+00,0.000000000000000000e+00,0.000000000000000000e+00,0.000000000000000000e+00,0.000000000000000000e+00,0.000000000000000000e+00,1.419067712751165076e-08,0.000000000000000000e+00,0.000000000000000000e+00,0.000000000000000000e+00,3.434737598448662221e-01,0.000000000000000000e+00,4.476607226152888162e-35,0.000000000000000000e+00,0.000000000000000000e+00,1.148641637945860402e-15,2.250472033808685774e-86,3.400000000000000000e+02
4.462264697319837079e-136,9.579320460738009298e-54,0.000000000000000000e+00,0.000000000000000000e+00,3.095497062178307236e-260,7.819449385744142091e-290,0.000000000000000000e+00,0.000000000000000000e+00,0.000000000000000000e+00,5.791439982777359959e-05,2.464687447201107751e-241,1.897222471412268192e-284,0.000000000000000000e+00,4.684499950912558953e-11,0.000000000000000000e+00,8.520299181309776912e-09,1.048904824580487302e-317,0.000000000000000000e+00,3.367383908354912997e-02,1.706041785708259762e-38,3.710000000000000000e+02
2.598877681393452157e-80,5.394039290189298681e-101,0.000000000000000000e+00,0.000000000000000000e+00,1.793029679979657847e-179,8.634750526373313696e-203,0.000000000000000000e+00,0.000000000000000000e+00,0.000000000000000000e+00,3.040660690572600471e-15,1.340486342949001793e-165,1.074737084876232247e-201,0.000000000000000000e+00,3.242303246439624532e-35,0.000000000000000000e+00,2.827820612950468493e-01,6.871940854177281660e-228,0.000000000000000000e+00,1.371093656844084928e-05,3.898846740309068431e-12,3.710000000000000000e+02
1.791156178904800653e-95,2.941353186141958905e-84,0.000000000000000000e+00,0.000000000000000000e+00,1.279769224000210244e-202,1.715653182946799702e-228,0.000000000000000000e+00,0.000000000000000000e+00,0.000000000000000000e+00,6.704736927728352062e-10,9.774211800698228061e-187,5.515659567255532802e-225,0.000000000000000000e+00,3.855057433782682370e-25,0.000000000000000000e+00,1.437825593680883418e-01,8.880330292178735811e-254,0.000000000000000000e+00,1.613707070229790375e-02,1.582354413230796663e-18,3.640000000000000000e+02
1.390624622876039966e-118,1.884039039296437257e-65,0.000000000000000000e+00,0.000000000000000000e+00,3.518961252018576989e-235,4.590652235115749879e-262,0.000000000000000000e+00,0.000000000000000000e+00,0.000000000000000000e+00,6.304290443170418486e-04,4.830914992944848467e-219,1.964097488210218585e-260,0.000000000000000000e+00,9.283274213609658199e-16,0.000000000000000000e+00,2.702169006482769758e-04,2.795571280937670928e-290,0.000000000000000000e+00,7.609154856188474758e-01,4.898458561833352733e-29,3.590000000000000000e+02
1.250531484050987492e-131,5.452955454114150156e-57,0.000000000000000000e+00,0.000000000000000000e+00,3.350335609768587769e-253,9.047226546068106023e-281,0.000000000000000000e+00,0.000000000000000000e+00,0.000000000000000000e+00,3.035589950768204440e-02,8.039724273644126345e-237,9.293846432299317821e-280,0.000000000000000000e+00,4.811950727852127561e-12,0.000000000000000000e+00,5.796049456977641095e-07,2.721557449272595288e-310,0.000000000000000000e+00,3.186532262714573127e-01,1.168522388557096895e-35,3.570000000000000000e+02
1.095852817092496639e-102,5.129903938568626481e-78,0.000000000000000000e+00,0.000000000000000000e+00,1.044887690482635996e-212,1.442953310134018713e-238,0.000000000000000000e+00,0.000000000000000000e+00,0.000000000000000000e+00,3.881864371110258259e-07,3.340504884439683771e-197,1.614956854684145131e-236,0.000000000000000000e+00,7.402664852025879018e-22,0.000000000000000000e+00,4.774530263795971619e-02,3.419698062037269261e-265,0.000000000000000000e+00,1.346726342459526049e-01,1.408584616573483939e-21,3.710000000000000000e+02
1.440506267940272285e-81,3.820443269009250225e-98,0.000000000000000000e+00,0.000000000000000000e+00,7.522060004305415347e-182,4.579845584705446186e-206,0.000000000000000000e+00,0.000000000000000000e+00,0.000000000000000000e+00,7.164767383669659627e-14,3.148398075675705454e-167,1.454197096105372214e-203,0.000000000000000000e+00,4.413757357625918150e-33,0.000000000000000000e+00,9.508657017173908210e-01,1.441883286819793243e-230,0.000000000000000000e+00,9.843515362242654927e-05,9.999478188607173458e-13,3.850000000000000000e+02
1.849525882161862125e-91,8.328791927867772611e-89,0.000000000000000000e+00,0.000000000000000000e+00,6.072495002992871271e-196,2.369238572805769292e-220,0.000000000000000000e+00,0.000000000000000000e+00,0.000000000000000000e+00,3.350457833578880651e-10,2.029303047681307843e-181,2.852729186087533042e-219,0.000000000000000000e+00,3.759670840988405326e-28,0.000000000000000000e+00,3.568564384091670871e-01,1.643807012853011304e-246,0.000000000000000000e+00,3.784286543022841957e-03,1.061864589350638495e-16,3.690000000000000000e+02
3.239652471949060618e-97,1.869240161606651741e-82,0.000000000000000000e+00,0.000000000000000000e+00,7.591547034110709612e-205,1.956470469967055529e-230,0.000000000000000000e+00,0.000000000000000000e+00,0.000000000000000000e+00,1.133000275978308290e-08,2.620726805080690495e-189,7.019414801972159504e-228,0.000000000000000000e+00,1.923469632308158109e-24,0.000000000000000000e+00,1.843186454041494948e-01,2.085289544191678359e-256,0.000000000000000000e+00,3.823244873459982068e-02,3.274307170394893774e-19,3.860000000000000000e+02
1.158009667407539307e-80,3.099995051587582274e-100,0.000000000000000000e+00,0.000000000000000000e+00,7.235413257973017655e-180,2.883302046973445675e-203,0.000000000000000000e+00,0.000000000000000000e+00,0.000000000000000000e+00,5.330068430219864111e-14,5.035737509385987370e-166,2.463816974969058517e-202,0.000000000000000000e+00,1.411853035671068212e-34,0.000000000000000000e+00,6.460778161917740681e-01,1.959417579839965524e-228,0.000000000000000000e+00,2.887448121046263635e-05,1.957514519433299037e-12,3.760000000000000000e+02
8.906267115280403103e-88,1.067375403321555073e-91,0.000000000000000000e+00,0.000000000000000000e+00,4.269097976723493587e-191,3.781946126630016758e-216,0.000000000000000000e+00,0.000000000000000000e+00,0.000000000000000000e+00,9.727920700550193058e-12,6.126159165214590816e-176,4.504229733809681518e-213,0.000000000000000000e+00,1.763992455307304358e-29,0.000000000000000000e+00,4.686761890969388111e-01,6.324768164774975794e-241,0.000000000000000000e+00,9.474705913088394106e-04,1.737080298195689099e-15,3.940000000000000000e+02
1.755010287125105634e-62,4.819837794408206085e-122,0.000000000000000000e+00,0.000000000000000000e+00,1.109973468724888739e-152,1.934506019755062461e-175,3.417574726638502376e-308,0.000000000000000000e+00,0.000000000000000000e+00,1.088838562461733581e-23,8.414938796260155100e-139,4.943904892667938991e-172,0.000000000000000000e+00,1.644657157824853708e-47,0.000000000000000000e+00,2.475778166530041152e-02,1.877996896453186513e-197,0.000000000000000000e+00,5.695964903370357157e-11,1.304882048247571094e-06,4.030000000000000000e+02
8.847875822123283142e-49,6.304761650367820984e-144,0.000000000000000000e+00,0.000000000000000000e+00,8.879378213825707299e-131,3.338863468450193767e-152,1.448915737231637028e-276,0.000000000000000000e+00,0.000000000000000000e+00,2.032688153054747953e-34,9.993147539351531096e-118,3.459070160275572587e-148,0.000000000000000000e+00,1.064700545090497999e-61,0.000000000000000000e+00,6.722819901696330024e-06,2.987312682492563461e-172,0.000000000000000000e+00,2.880936582466353182e-18,1.942773391665661344e-03,4.380000000000000000e+02
4.065192429560443870e-24,3.911570799341952820e-199,0.000000000000000000e+00,0.000000000000000000e+00,9.752189314211599421e-87,2.511413470297741572e-103,6.159328185170662153e-211,0.000000000000000000e+00,0.000000000000000000e+00,1.729402091134010056e-60,1.573814707548932823e-77,9.624257018028538211e-103,0.000000000000000000e+00,1.389609330377926668e-98,0.000000000000000000e+00,1.990451050121741284e-18,3.214815839077852690e-121,5.895951000404355211e-271,2.987209186761895469e-39,1.565102919581460861e-01,4.370000000000000000e+02
5.045822202708392649e-28,1.219790685325137229e-188,0.000000000000000000e+00,0.000000000000000000e+00,7.967279784545582775e-94,3.895613129738531556e-111,1.757186461753743865e-221,0.000000000000000000e+00,0.000000000000000000e+00,1.999701987164700710e-54,4.439075973989946010e-84,2.094418350803625545e-110,0.000000000000000000e+00,1.938784789907734493e-91,0.000000000000000000e+00,2.029186123413759332e-15,1.223712001603244923e-129,5.808692332764068409e-284,7.052420737783337767e-35,1.637184115168626442e-01,4.300000000000000000e+02
2.951858464191487759e-28,2.925423570432039734e-186,0.000000000000000000e+00,0.000000000000000000e+00,2.938072342923275832e-95,2.452133446841935238e-113,3.683745157876298891e-224,0.000000000000000000e+00,0.000000000000000000e+00,4.179276852833868268e-55,1.470693706903298431e-84,1.020459677883298787e-110,0.000000000000000000e+00,6.359041656249031576e-90,0.000000000000000000e+00,4.915785423535634531e-15,4.014673735666486668e-131,1.544573999537438955e-284,5.096400585724235267e-34,5.867434900354687732e-01,4.560000000000000000e+02
6.623877076588456432e-16,1.603179983460847620e-225,0.000000000000000000e+00,0.000000000000000000e+00,2.627429408345268559e-70,9.720930538204554035e-86,1.041685794402112371e-184,0.000000000000000000e+00,0.000000000000000000e+00,2.680479947451515274e-76,2.203730058116496774e-61,4.794770948236171745e-84,0.000000000000000000e+00,5.551442720243858553e-118,0.000000000000000000e+00,4.562977066174642312e-27,1.372681731395123290e-101,8.294239369085827599e-241,1.052614338123947981e-51,7.743132647692449379e-04,4.600000000000000000e+02
3.263481326256421067e-01,0.000000000000000000e+00,0.000000000000000000e+00,2.787266593374470970e-286,2.910987095352825908e-26,1.099976129017528467e-36,9.225077735754634627e-106,0.000000000000000000e+00,0.000000000000000000e+00,1.658193134722456940e-145,1.278156924278646826e-20,3.797837580824090166e-34,0.000000000000000000e+00,9.099338457561807147e-201,0.000000000000000000e+00,1.645721362236608062e-72,4.478076089305368446e-46,3.249377549604116285e-148,1.819976484007629324e-110,2.606813640730801392e-26,4.920000000000000000e+02
3.141104915026090016e-01,0.000000000000000000e+00,0.000000000000000000e+00,3.282079058359128927e-248,6.974720544571114434e-16,3.976880544699647298e-24,1.860987426128009938e-83,0.000000000000000000e+00,0.000000000000000000e+00,2.050059891704160878e-174,7.787244577314514021e-12,2.568638076541761428e-22,0.000000000000000000e+00,9.546072178884272412e-235,0.000000000000000000e+00,2.300575884883018032e-93,9.823890416272015981e-32,2.043368407561628357e-121,6.282473338578134923e-136,4.894293505151141115e-39,5.170000000000000000e+02
3.706004091420884473e-03,8.893181625142437795e-323,0.000000000000000000e+00,1.309950862979426388e-301,4.093971099166587862e-31,1.555433842486733871e-40,1.728554818407028225e-115,0.000000000000000000e+00,0.000000000000000000e+00,2.452695935743343348e-134,9.107192869727324917e-27,4.939044679864590156e-42,0.000000000000000000e+00,3.864539310822607632e-190,0.000000000000000000e+00,6.589963628878843636e-66,1.167679217259694368e-52,8.321505919478786474e-162,3.235605670218263366e-102,8.552168594347925145e-23,4.900000000000000000e+02
1.340799021914393929e-01,0.000000000000000000e+00,0.000000000000000000e+00,2.008479814980758251e-284,3.344227372861707487e-26,5.354719297250166210e-37,1.264347877833251933e-104,0.000000000000000000e+00,0.000000000000000000e+00,4.528281257836026370e-148,3.153649957229420895e-20,1.906529930655679917e-33,0.000000000000000000e+00,3.578620834897766221e-203,0.000000000000000000e+00,2.079127778695618229e-74,1.078225860173445951e-45,1.259054864105695943e-146,1.142607736042852339e-112,8.595655914188075557e-28,5.230000000000000000e+02
1.585297806520018921e-02,0.000000000000000000e+00,0.000000000000000000e+00,1.240488878209909116e-226,1.060477073720753386e-10,2.276437002312940906e-17,4.102317565058155980e-71,0.000000000000000000e+00,0.000000000000000000e+00,1.357659061892179582e-192,1.048557093769952794e-07,1.852472928591408064e-16,0.000000000000000000e+00,1.280710481221344536e-256,0.000000000000000000e+00,6.569943472013550562e-107,2.850181128136456816e-24,6.529393654256114987e-107,2.463636039641830286e-152,6.688174776005028013e-48,5.310000000000000000e+02
3.336804007716184058e-26,0.000000000000000000e+00,0.000000000000000000e+00,6.360820167545397632e-131,3.588212574193930249e-02,1.473244808469244315e-03,2.073669449328713653e-24,0.000000000000000000e+00,6.510308528555127185e-231,3.110922760101481691e-309,4.483742800174537330e-02,6.597201825399641173e-01,0.000000000000000000e+00,0.000000000000000000e+00,0.000000000000000000e+00,1.021243409036220910e-196,4.030110010180239406e-03,4.685558361761344888e-45,8.458018892806555068e-257,2.128283434783131371e-112,5.820000000000000000e+02
3.748449122015615569e-39,0.000000000000000000e+00,0.000000000000000000e+00,4.200359173965995520e-105,6.823320220992487670e-04,1.281800488594447285e-01,3.153443299685835453e-14,0.000000000000000000e+00,6.736334425292869950e-196,0.000000000000000000e+00,2.835389792267706371e-07,3.359227602133310012e-03,0.000000000000000000e+00,0.000000000000000000e+00,0.000000000000000000e+00,5.834315835875877358e-230,4.142331280011362082e-01,9.134884270001230890e-32,8.701132752168330339e-295,1.029802631799500133e-137,5.630000000000000000e+02
4.400341765623369843e-19,0.000000000000000000e+00,0.000000000000000000e+00,1.316350413876306984e-148,4.875117169601326794e-01,3.874884034304142133e-02,4.272193568505897774e-31,0.000000000000000000e+00,3.746425188165030434e-254,1.644040901701923975e-279,2.614809192711710015e-02,1.568203916904927419e-03,0.000000000000000000e+00,0.000000000000000000e+00,0.000000000000000000e+00,7.534426001776223764e-175,6.532565927023837899e-05,3.063811664893107020e-57,5.597500219192954014e-232,2.319100508471079230e-96,5.570000000000000000e+02
3.265297957813782048e-16,0.000000000000000000e+00,0.000000000000000000e+00,2.903632854689465025e-156,1.298593829994514615e-01,1.483257815828143789e-04,6.708031098101994546e-35,0.000000000000000000e+00,1.924192569330587859e-264,2.770103845138280966e-271,1.000000000000000000e+00,1.474300390669614283e-02,0.000000000000000000e+00,0.000000000000000000e+00,0.000000000000000000e+00,4.728674069158127555e-167,2.516427912522751662e-06,1.254036992630570539e-60,7.343522775147869053e-223,1.963804180151197269e-90,5.590000000000000000e+02
2.956401834449224748e-29,0.000000000000000000e+00,0.000000000000000000e+00,2.077050961859040018e-122,7.592932558585704927e-02,3.159226610245168682e-02,3.166057744365458856e-20,0.000000000000000000e+00,1.207363468537349180e-219,6.348249483414176846e-320,7.193661601384239782e-03,8.183974227384714917e-01,0.000000000000000000e+00,0.000000000000000000e+00,0.000000000000000000e+00,8.045856058977184493e-206,1.111129887328802801e-01,2.546451918132468125e-40,2.298902583120315726e-267,2.608438380813853887e-119,5.810000000000000000e+02
5.995691397997575132e-37,0.000000000000000000e+00,0.000000000000000000e+00,9.912945692191792685e-108,3.063341449083336731e-03,3.706222329838850665e-02,2.273384831192809076e-14,0.000000000000000000e+00,8.026734326455645133e-200,0.000000000000000000e+00,1.705516288405435689e-05,1.050167062027726889e-01,0.000000000000000000e+00,0.000000000000000000e+00,0.000000000000000000e+00,1.542528827056868226e-225,8.075202994893162511e-01,1.452856451967206356e-32,7.095269377869461626e-290,1.575537018799461384e-134,5.930000000000000000e+02
3.510757213990985685e-41,0.000000000000000000e+00,0.000000000000000000e+00,3.974640800263553586e-101,1.822304413077010165e-04,6.994044099144385886e-03,4.464710443750953520e-12,0.000000000000000000e+00,6.310623210805986742e-191,0.000000000000000000e+00,6.923002602799252403e-07,2.831732250203314663e-02,0.000000000000000000e+00,0.000000000000000000e+00,0.000000000000000000e+00,1.108409303446473771e-235,6.280748158828278749e-01,3.157861254101434164e-29,2.127913212438509545e-301,1.748088658181150621e-142,5.970000000000000000e+02
1.045651881124038742e-31,0.000000000000000000e+00,0.000000000000000000e+00,1.865240810910706102e-121,1.437878872615167870e-02,7.195073900075733553e-01,1.645487903996474003e-20,0.000000000000000000e+00,7.717153362890245206e-218,7.460391252202822817e-322,7.379874486826677311e-06,5.561494353987484450e-04,0.000000000000000000e+00,0.000000000000000000e+00,0.000000000000000000e+00,6.485368166974818350e-209,2.007305393948673189e-02,4.088215304259897866e-42,7.000024188349335335e-271,5.893422170783572509e-122,5.550000000000000000e+02
3.158834666757271035e-21,0.000000000000000000e+00,0.000000000000000000e+00,9.101770810241432857e-141,8.648990148327517780e-01,4.891505008921462339e-02,9.548785918382209266e-28,0.000000000000000000e+00,3.861177213730094558e-244,6.087203390314347790e-291,2.062772726634457821e-01,1.210681125780103395e-01,0.000000000000000000e+00,0.000000000000000000e+00,0.000000000000000000e+00,5.786967587765627376e-183,1.757602635298297945e-03,1.702159801306178860e-51,2.773730806200514344e-241,4.284994531995820510e-102,5.740000000000000000e+02
1.992203360541043378e-28,0.000000000000000000e+00,0.000000000000000000e+00,5.540045918025929906e-125,2.028265081864731589e-01,7.195073900075733553e-01,3.681203852280425876e-21,0.000000000000000000e+00,4.041779889887856795e-223,1.429420243957086688e-314,1.543315909234331236e-03,5.006297674900037076e-02,0.000000000000000000e+00,0.000000000000000000e+00,0.000000000000000000e+00,2.299300094176894377e-202,7.542305859152895198e-02,6.032014571764015069e-43,1.526745918417441907e-263,7.865468152917613422e-117,5.660000000000000000e+02
1.299802539196912974e-22,0.000000000000000000e+00,0.000000000000000000e+00,3.112926162576304849e-137,7.843705234637126100e-01,7.377942408615149883e-02,3.604322731269034131e-26,0.000000000000000000e+00,1.727969765170236223e-239,4.492279699630419195e-296,1.342766032596848513e-01,2.001307898637561256e-01,0.000000000000000000e+00,0.000000000000000000e+00,0.000000000000000000e+00,4.648894372415253435e-187,5.222394311320148474e-03,2.189386292502817356e-49,5.413402931101198818e-246,3.498741564225491002e-105,5.670000000000000000e+02
2.651272466573965218e-30,0.000000000000000000e+00,0.000000000000000000e+00,1.143234322176651410e-121,1.771311984063213274e-02,3.559664410640481832e-03,6.107730494513167237e-20,0.000000000000000000e+00,1.109217691863605289e-218,1.086944420850742397e-322,4.173260761180278347e-03,7.780083410318829884e-01,0.000000000000000000e+00,0.000000000000000000e+00,0.000000000000000000e+00,5.005235365105882363e-208,4.460329052995606197e-02,7.474444606104107613e-40,7.316902994602642021e-270,2.834689416552133099e-121,6.010000000000000000e+02
1.089667183208152551e-131,0.000000000000000000e+00,0.000000000000000000e+00,1.263136864132539560e-25,5.396134185411232863e-50,6.245160608137211127e-40,4.072620792225511993e-05,2.055837105053812051e-172,9.973083927704220227e-77,0.000000000000000000e+00,3.156335912412149548e-58,1.120192357700805882e-39,2.396766474155123140e-279,0.000000000000000000e+00,0.000000000000000000e+00,0.000000000000000000e+00,4.802007282981910550e-29,7.782346707294921506e-01,0.000000000000000000e+00,3.980723565015426161e-289,6.090000000000000000e+02
2.356801083837750778e-108,0.000000000000000000e+00,0.000000000000000000e+00,8.079458311140519382e-38,1.768108536683123511e-36,2.832330529230918747e-28,1.756835960224183797e-03,1.584928934644344190e-202,4.140024329047509580e-97,0.000000000000000000e+00,4.876644730003444064e-43,1.631435179051278389e-27,7.270605815665824782e-318,0.000000000000000000e+00,0.000000000000000000e+00,0.000000000000000000e+00,3.376469219762459212e-19,8.991638839797137794e-03,0.000000000000000000e+00,1.785145155765617121e-253,6.400000000000000000e+02
1.888853174396426467e-88,0.000000000000000000e+00,0.000000000000000000e+00,4.952671348349185345e-50,9.489636727778052222e-25,1.246721444868436320e-17,4.874408216331357901e-01,1.056412775410390401e-231,6.918393773246826614e-117,0.000000000000000000e+00,2.336663997894755984e-31,9.844662682482863233e-19,0.000000000000000000e+00,0.000000000000000000e+00,0.000000000000000000e+00,0.000000000000000000e+00,5.052506917980122773e-11,5.397131514424239980e-07,0.000000000000000000e+00,6.563526886984309589e-223,6.270000000000000000e+02
6.481939684035590890e-102,0.000000000000000000e+00,0.000000000000000000e+00,6.047622390902589498e-42,3.142159473694186400e-32,2.229915512149160000e-24,4.874408216331357901e-01,6.445317195078404354e-212,2.266821130933750855e-104,0.000000000000000000e+00,4.575490539489082442e-39,1.086082762028938924e-24,0.000000000000000000e+00,0.000000000000000000e+00,0.000000000000000000e+00,0.000000000000000000e+00,2.890000791104373495e-16,3.557930660811038052e-05,0.000000000000000000e+00,4.098758637464916563e-244,6.580000000000000000e+02
5.879326871364218099e-172,0.000000000000000000e+00,1.366352377412050873e-317,7.024722584080063015e-13,7.716004047577074557e-76,1.253348755788135420e-63,2.165413734374602307e-13,4.262006797642716499e-132,4.198548926138360133e-52,0.000000000000000000e+00,2.732107306656715570e-85,2.477285715007658504e-62,6.337611570169325651e-227,0.000000000000000000e+00,0.000000000000000000e+00,0.000000000000000000e+00,2.623581612351704495e-49,3.047344924436842187e-03,0.000000000000000000e+00,0.000000000000000000e+00,7.080000000000000000e+02
4.271955593188087870e-252,0.000000000000000000e+00,3.000835357832266864e-226,1.200746449326950266e-01,5.759909486662285860e-131,1.036346861046697869e-113,8.691141107062998532e-40,6.973712311461030015e-76,8.040383081357832292e-20,0.000000000000000000e+00,9.818764266040837903e-144,2.058700146876523559e-113,4.561147209842746731e-151,0.000000000000000000e+00,1.996461343406152681e-285,0.000000000000000000e+00,5.906921781947876036e-95,9.079948156868189769e-19,0.000000000000000000e+00,0.000000000000000000e+00,7.370000000000000000e+02
0.000000000000000000e+00,0.000000000000000000e+00,3.106844550341839130e-109,2.742382746970566593e-18,9.653892539238254945e-258,3.678445578201185696e-232,1.184950094271288423e-118,1.008511394398066337e-17,2.447447943588939023e-01,0.000000000000000000e+00,2.481277688468734731e-276,1.290202309656376618e-233,6.188203674859810288e-60,0.000000000000000000e+00,1.749725624677832066e-151,0.000000000000000000e+00,5.506901402906427029e-206,1.752423246820080106e-79,0.000000000000000000e+00,0.000000000000000000e+00,8.010000000000000000e+02
0.000000000000000000e+00,0.000000000000000000e+00,2.010859017101058682e-124,2.697967380700181219e-21,2.891692525996133222e-256,7.126909159218741449e-228,1.586950972649796735e-119,4.419939725936408490e-28,3.196098031351333449e-05,0.000000000000000000e+00,4.358199414368035083e-278,1.274856401970342471e-236,4.652643701942423941e-72,0.000000000000000000e+00,2.349780085573264077e-164,0.000000000000000000e+00,1.440546560980105235e-205,1.773672768531794790e-84,0.000000000000000000e+00,0.000000000000000000e+00,7.660000000000000000e+02
3.666336949684526115e-316,0.000000000000000000e+00,2.419852922182720999e-178,1.034100988040837768e-03,3.681586935105740185e-177,2.588509129330297725e-155,7.915189832003932553e-66,1.980491308195869585e-49,5.918381065939458383e-08,0.000000000000000000e+00,9.905905332059649679e-194,5.418693226444877740e-159,7.016060420450799929e-111,0.000000000000000000e+00,1.098911860688575640e-227,0.000000000000000000e+00,4.644687200555361442e-135,3.354274383136243660e-41,0.000000000000000000e+00,0.000000000000000000e+00,7.210000000000000000e+02
3.915454023238265528e-227,0.000000000000000000e+00,5.400311042772206688e-254,1.163879549330908841e-02,1.403022346019272086e-112,1.929446258575028641e-95,4.952062214048563862e-30,4.179142334555971018e-92,1.228441692203365787e-26,0.000000000000000000e+00,6.585590606946302409e-126,4.309342339638050110e-98,2.795048224267338285e-173,0.000000000000000000e+00,5.536361145637135931e-315,0.000000000000000000e+00,1.643319010334785068e-79,1.192316721341151788e-13,0.000000000000000000e+00,0.000000000000000000e+00,7.210000000000000000e+02
2.865580745879229956e-322,0.000000000000000000e+00,7.367345257562798485e-170,2.538156925680911877e-03,4.554404726732858501e-182,2.071774434812158462e-160,1.473342634269334219e-69,6.631644050935767552e-45,7.738370890904922104e-06,0.000000000000000000e+00,7.166662290645097147e-198,2.701400984800119897e-162,1.274608347329715349e-105,0.000000000000000000e+00,3.318824025670208787e-220,0.000000000000000000e+00,4.320373633611149289e-139,2.416059087569057223e-41,0.000000000000000000e+00,0.000000000000000000e+00,7.340000000000000000e+02
0.000000000000000000e+00,0.000000000000000000e+00,1.177876083623849391e-149,8.224296046460170794e-07,9.837461494829586690e-205,4.080501547661713958e-182,6.053615306575971228e-84,3.700286288637747370e-35,6.413025748540259439e-03,0.000000000000000000e+00,3.032918772087475329e-221,2.219865601811052335e-183,4.109439488506088779e-90,0.000000000000000000e+00,6.040038387336826379e-198,0.000000000000000000e+00,6.377269851042275303e-159,7.495019107737210119e-52,0.000000000000000000e+00,0.000000000000000000e+00,7.550000000000000000e+02
6.606155110665043220e-306,0.000000000000000000e+00,1.666516708696166173e-184,1.852282291570404860e-02,9.420044981384938174e-170,2.462185229970340359e-148,1.412490275852047040e-62,7.612647248251692262e-53,1.795696171161309232e-08,0.000000000000000000e+00,1.609018559666274439e-185,2.060453536252168953e-151,2.472114065050083666e-117,0.000000000000000000e+00,3.938559041420029679e-236,0.000000000000000000e+00,1.742810836449742794e-128,1.363255307169541655e-36,0.000000000000000000e+00,0.000000000000000000e+00,7.160000000000000000e+02
9.710840512962681869e-229,0.000000000000000000e+00,1.668592022422997132e-258,3.167274561686941729e-04,8.787170905102377182e-114,1.469587486812994083e-95,7.184960281323960827e-32,1.492852241995452460e-95,4.029487305295699509e-28,0.000000000000000000e+00,3.842315383378581657e-128,1.187131782898545108e-100,2.689885513634641591e-177,0.000000000000000000e+00,1.203711895588862605e-318,0.000000000000000000e+00,6.641492325783980592e-81,2.753775529441172973e-16,0.000000000000000000e+00,0.000000000000000000e+00,6.980000000000000000e+02
1.275411465553567283e-217,0.000000000000000000e+00,1.208486750258029167e-261,2.980251175417065589e-04,1.132400607617292348e-106,1.308500998288465476e-91,3.977010852877476745e-27,1.153803891249890610e-96,4.962541394936528730e-31,0.000000000000000000e+00,8.168856464193407919e-118,1.464174050730952800e-90,6.563651672154203733e-180,0.000000000000000000e+00,0.000000000000000000e+00,0.000000000000000000e+00,1.736471786585761678e-74,1.203514380455646685e-10,0.000000000000000000e+00,0.000000000000000000e+00,7.130000000000000000e+02
1.445563217676568899e-294,0.000000000000000000e+00,2.059810502488863599e-189,2.542562616503615813e-02,3.810902074219198953e-162,5.098577054435472801e-143,2.032755344862045227e-57,2.314444364669360322e-55,9.057736632277499048e-11,0.000000000000000000e+00,3.553970297409831049e-176,2.292179740958130666e-142,3.396494588053061835e-121,0.000000000000000000e+00,4.564786598285184526e-244,0.000000000000000000e+00,1.023183061111165605e-121,2.247995630067032820e-31,0.000000000000000000e+00,0.000000000000000000e+00,7.550000000000000000e+02
0.000000000000000000e+00,0.000000000000000000e+00,1.618363703346173567e-136,8.444645351973019743e-11,6.338117975739060486e-221,1.335714311924835981e-198,3.501558536502740066e-94,3.362870490673641775e-29,3.616679450825410237e-03,0.000000000000000000e+00,5.274736996804857024e-237,1.671243814350080476e-197,6.315033710642439824e-80,0.000000000000000000e+00,9.961162285495576099e-184,0.000000000000000000e+00,3.242003229826509643e-173,1.373449702459400296e-59,0.000000000000000000e+00,0.000000000000000000e+00,7.960000000000000000e+02
0.000000000000000000e+00,0.000000000000000000e+00,4.923789483360458072e-85,5.048720969234478044e-31,1.772479288075000552e-302,3.067956839501599933e-274,1.381499742996511454e-148,6.716374899223470914e-09,2.711672227930145068e-04,0.000000000000000000e+00,7.410984687618698163e-323,5.866400290315641451e-277,3.626209056902270951e-41,0.000000000000000000e+00,5.704616342507431678e-120,0.000000000000000000e+00,3.124420287131630360e-246,1.088796322876280865e-106,0.000000000000000000e+00,0.000000000000000000e+00,8.120000000000000000e+02
0.000000000000000000e+00,0.000000000000000000e+00,6.089971710895320478e-53,6.788354586461319465e-55,0.000000000000000000e+00,0.000000000000000000e+00,1.352117249401051354e-197,1.613865468321249164e-01,3.048092268691024897e-14,0.000000000000000000e+00,0.000000000000000000e+00,0.000000000000000000e+00,8.474057739995602163e-21,0.000000000000000000e+00,8.156832439848944421e-83,0.000000000000000000e+00,1.366799283048264029e-307,2.170296836997043515e-146,0.000000000000000000e+00,0.000000000000000000e+00,8.320000000000000000e+02
0.000000000000000000e+00,0.000000000000000000e+00,8.551218275406094614e-32,1.114678813219694843e-82,0.000000000000000000e+00,0.000000000000000000e+00,5.520195395992856745e-247,1.613865468321249164e-01,1.211713846658740182e-29,0.000000000000000000e+00,0.000000000000000000e+00,0.000000000000000000e+00,2.639049894267205275e-08,0.000000000000000000e+00,4.396237450016799541e-55,0.000000000000000000e+00,0.000000000000000000e+00,4.185139255720800154e-190,0.000000000000000000e+00,0.000000000000000000e+00,8.630000000000000000e+02
0.000000000000000000e+00,0.000000000000000000e+00,3.562228227953667854e-09,1.004486849507552422e-139,0.000000000000000000e+00,0.000000000000000000e+00,0.000000000000000000e+00,9.266210905784319300e-14,5.599978365699261450e-66,0.000000000000000000e+00,0.000000000000000000e+00,0.000000000000000000e+00,1.000000000000000000e+00,0.000000000000000000e+00,2.413626372850387189e-22,0.000000000000000000e+00,0.000000000000000000e+00,3.727494174120887418e-273,0.000000000000000000e+00,0.000000000000000000e+00,9.140000000000000000e+02
0.000000000000000000e+00,0.000000000000000000e+00,1.000000000000000000e+00,5.768713475663253121e-213,0.000000000000000000e+00,0.000000000000000000e+00,0.000000000000000000e+00,1.414015937933559466e-41,2.601635926694308287e-118,0.000000000000000000e+00,0.000000000000000000e+00,0.000000000000000000e+00,3.562228227953667854e-09,0.000000000000000000e+00,4.189771646716432615e-05,0.000000000000000000e+00,0.000000000000000000e+00,0.000000000000000000e+00,0.000000000000000000e+00,0.000000000000000000e+00,9.430000000000000000e+02
0.000000000000000000e+00,0.000000000000000000e+00,1.337591381496388500e-07,8.871549267619510161e-292,0.000000000000000000e+00,0.000000000000000000e+00,0.000000000000000000e+00,1.411520331387061427e-79,2.607433614769248354e-178,0.000000000000000000e+00,0.000000000000000000e+00,0.000000000000000000e+00,4.772765050021913753e-29,0.000000000000000000e+00,2.816709574647955905e-01,0.000000000000000000e+00,0.000000000000000000e+00,0.000000000000000000e+00,0.000000000000000000e+00,0.000000000000000000e+00,9.630000000000000000e+02
0.000000000000000000e+00,0.000000000000000000e+00,6.966862696957598218e-06,7.595438336719998691e-254,0.000000000000000000e+00,0.000000000000000000e+00,0.000000000000000000e+00,4.730940089460605527e-62,3.777069670770327476e-149,0.000000000000000000e+00,0.000000000000000000e+00,0.000000000000000000e+00,6.461348134257130575e-20,0.000000000000000000e+00,6.106529861068490245e-02,0.000000000000000000e+00,0.000000000000000000e+00,0.000000000000000000e+00,0.000000000000000000e+00,0.000000000000000000e+00,9.140000000000000000e+02
0.000000000000000000e+00,0.000000000000000000e+00,2.555094126451844705e-04,2.621480127224150938e-264,0.000000000000000000e+00,0.000000000000000000e+00,0.000000000000000000e+00,2.476646407866689136e-65,1.553839104166418081e-157,0.000000000000000000e+00,0.000000000000000000e+00,0.000000000000000000e+00,1.476092206800994285e-20,0.000000000000000000e+00,1.882175003587563400e-01,0.000000000000000000e+00,0.000000000000000000e+00,0.000000000000000000e+00,0.000000000000000000e+00,0.000000000000000000e+00,9.860000000000000000e+02
